Bandung,27.3,moderate rain
Bandung,27.3,moderate rain
Banjarbaru,29.99,scattered clouds
Banjarmasin,30.08,overcast clouds
Bandung,27.3,moderate rain
Bandung,27.3,moderate rain
Banjarbaru,29.99,scattered clouds
Bandung,27.3,moderate rain
Bandung,27.3,moderate rain
Banjarbaru,29.99,scattered clouds
Bandung,27.3,moderate rain
Bandung,27.3,moderate rain
Banjarbaru,29.99,scattered clouds
Pontianak,32.99,broken clouds
Bandung,27.3,moderate rain
Bandung,27.3,moderate rain
Banjarbaru,29.99,scattered clouds
Banjarmasin,30.08,overcast clouds
Bandung,27.3,moderate rain
Bandung,27.3,moderate rain
Banjarbaru,29.99,scattered clouds
Bandung,27.3,moderate rain
Bandung,27.3,moderate rain
Banjarbaru,29.99,scattered clouds
Bandung,27.3,moderate rain
Bandung,27.3,moderate rain
Banjarbaru,29.99,scattered clouds
Bandung,26.93,moderate rain
Bandung,26.93,moderate rain
Bandung,27.3,moderate rain
Bandung,27.3,moderate rain
Banjarbaru,29.99,scattered clouds
Banjarmasin,30.08,overcast clouds
Bandung,27.3,moderate rain
Bandung,27.3,moderate rain
Banjarbaru,29.99,scattered clouds
Bandung,27.3,moderate rain
Bandung,27.3,moderate rain
Banjarbaru,29.99,scattered clouds
Bandung,27.3,moderate rain
Bandung,27.3,moderate rain
Banjarbaru,29.99,scattered clouds
malang,26.99,moderate rain
Bandung,27.3,moderate rain
Bandung,27.3,moderate rain
Banjarbaru,29.99,scattered clouds
Banjarmasin,30.08,overcast clouds
Bandung,27.3,moderate rain
Bandung,27.3,moderate rain
Banjarbaru,29.99,scattered clouds
Bandung,27.3,moderate rain
Bandung,27.3,moderate rain
Banjarbaru,29.99,scattered clouds
Bandung,27.3,moderate rain
Bandung,27.3,moderate rain
Banjarbaru,29.99,scattered clouds
Pontianak,32.99,broken clouds
Bandung,27.3,moderate rain
Bandung,27.3,moderate rain
Banjarbaru,29.99,scattered clouds
Banjarmasin,30.08,overcast clouds
Bandung,27.3,moderate rain
Bandung,27.3,moderate rain
Banjarbaru,29.99,scattered clouds
Bandung,27.3,moderate rain
Bandung,27.3,moderate rain
Banjarbaru,29.99,scattered clouds
Bandung,27.3,moderate rain
Bandung,27.3,moderate rain
Banjarbaru,29.99,scattered clouds
Bandung,26.93,moderate rain
Bandung,26.93,moderate rain
Bandung,27.3,moderate rain
Bandung,27.3,moderate rain
Banjarbaru,29.99,scattered clouds
Banjarmasin,30.08,overcast clouds
Bandung,27.3,moderate rain
Bandung,27.3,moderate rain
Banjarbaru,29.99,scattered clouds
Bandung,27.3,moderate rain
Bandung,27.3,moderate rain
Banjarbaru,29.99,scattered clouds
Bandung,27.3,moderate rain
Bandung,27.3,moderate rain
Banjarbaru,29.99,scattered clouds
Banjarmasin,30.08°C,overcast clouds
Malang,26.99,moderate rain
Banjarmasin,30.08°C,overcast clouds
Malang,26.99,moderate rain
Bandung,27.3,moderate rain
Bandung,27.3,moderate rain
Banjarbaru,29.99,scattered clouds
Banjarmasin,30.08,overcast clouds
Bandung,27.3,moderate rain
Bandung,27.3,moderate rain
Banjarbaru,29.99,scattered clouds
Bandung,27.3,moderate rain
Bandung,27.3,moderate rain
Banjarbaru,29.99,scattered clouds
Bandung,27.3,moderate rain
Bandung,27.3,moderate rain
Banjarbaru,29.99,scattered clouds
Pontianak,32.99,broken clouds
Bandung,27.3,moderate rain
Bandung,27.3,moderate rain
Banjarbaru,29.99,scattered clouds
Banjarmasin,30.08,overcast clouds
Bandung,27.3,moderate rain
Bandung,27.3,moderate rain
Banjarbaru,29.99,scattered clouds
Bandung,27.3,moderate rain
Bandung,27.3,moderate rain
Banjarbaru,29.99,scattered clouds
Bandung,27.3,moderate rain
Bandung,27.3,moderate rain
Banjarbaru,29.99,scattered clouds
Bandung,26.93,moderate rain
Bandung,26.93,moderate rain
Bandung,27.3,moderate rain
Bandung,27.3,moderate rain
Banjarbaru,29.99,scattered clouds
Banjarmasin,30.08,overcast clouds
Bandung,27.3,moderate rain
Bandung,27.3,moderate rain
Banjarbaru,29.99,scattered clouds
Bandung,27.3,moderate rain
Bandung,27.3,moderate rain
Banjarbaru,29.99,scattered clouds
Bandung,27.3,moderate rain
Bandung,27.3,moderate rain
Banjarbaru,29.99,scattered clouds
malang,26.99,moderate rain
Bandung,27.3,moderate rain
Bandung,27.3,moderate rain
Banjarbaru,29.99,scattered clouds
Banjarmasin,30.08,overcast clouds
Bandung,27.3,moderate rain
Bandung,27.3,moderate rain
Banjarbaru,29.99,scattered clouds
Bandung,27.3,moderate rain
Bandung,27.3,moderate rain
Banjarbaru,29.99,scattered clouds
Bandung,27.3,moderate rain
Bandung,27.3,moderate rain
Banjarbaru,29.99,scattered clouds
Pontianak,32.99,broken clouds
Bandung,27.3,moderate rain
Bandung,27.3,moderate rain
Banjarbaru,29.99,scattered clouds
Banjarmasin,30.08,overcast clouds
Bandung,27.3,moderate rain
Bandung,27.3,moderate rain
Banjarbaru,29.99,scattered clouds
Bandung,27.3,moderate rain
Bandung,27.3,moderate rain
Banjarbaru,29.99,scattered clouds
Bandung,27.3,moderate rain
Bandung,27.3,moderate rain
Banjarbaru,29.99,scattered clouds
Bandung,26.93,moderate rain
Bandung,26.93,moderate rain
Bandung,27.3,moderate rain
Bandung,27.3,moderate rain
Banjarbaru,29.99,scattered clouds
Banjarmasin,30.08,overcast clouds
Bandung,27.3,moderate rain
Bandung,27.3,moderate rain
Banjarbaru,29.99,scattered clouds
Bandung,27.3,moderate rain
Bandung,27.3,moderate rain
Banjarbaru,29.99,scattered clouds
Bandung,27.3,moderate rain
Bandung,27.3,moderate rain
Banjarbaru,29.99,scattered clouds
Banjarmasin,30.08°C,overcast clouds
Malang,26.99,moderate rain
Banjarmasin,30.08°C,overcast clouds
Balikpapan,30.55,few clouds
Martapura,30.05,scattered clouds
Banjarbaru,29.99,scattered clouds
Banjarmasin,30.08,overcast clouds
samarinda,26.28,moderate rain
Pontianak,30.99,hujan rintik-rintik
Bandung,27.3,moderate rain
Bandung,27.3,moderate rain
Banjarbaru,29.99,scattered clouds
Banjarmasin,30.08,overcast clouds
Bandung,27.3,moderate rain
Bandung,27.3,moderate rain
Banjarbaru,29.99,scattered clouds
Bandung,27.3,moderate rain
Bandung,27.3,moderate rain
Banjarbaru,29.99,scattered clouds
Bandung,27.3,moderate rain
Bandung,27.3,moderate rain
Banjarbaru,29.99,scattered clouds
Pontianak,32.99,broken clouds
Bandung,27.3,moderate rain
Bandung,27.3,moderate rain
Banjarbaru,29.99,scattered clouds
Banjarmasin,30.08,overcast clouds
Bandung,27.3,moderate rain
Bandung,27.3,moderate rain
Banjarbaru,29.99,scattered clouds
Bandung,27.3,moderate rain
Bandung,27.3,moderate rain
Banjarbaru,29.99,scattered clouds
Bandung,27.3,moderate rain
Bandung,27.3,moderate rain
Banjarbaru,29.99,scattered clouds
Bandung,26.93,moderate rain
Bandung,26.93,moderate rain
Bandung,27.3,moderate rain
Bandung,27.3,moderate rain
Banjarbaru,29.99,scattered clouds
Banjarmasin,30.08,overcast clouds
Bandung,27.3,moderate rain
Bandung,27.3,moderate rain
Banjarbaru,29.99,scattered clouds
Bandung,27.3,moderate rain
Bandung,27.3,moderate rain
Banjarbaru,29.99,scattered clouds
Bandung,27.3,moderate rain
Bandung,27.3,moderate rain
Banjarbaru,29.99,scattered clouds
malang,26.99,moderate rain
Bandung,27.3,moderate rain
Bandung,27.3,moderate rain
Banjarbaru,29.99,scattered clouds
Banjarmasin,30.08,overcast clouds
Bandung,27.3,moderate rain
Bandung,27.3,moderate rain
Banjarbaru,29.99,scattered clouds
Bandung,27.3,moderate rain
Bandung,27.3,moderate rain
Banjarbaru,29.99,scattered clouds
Bandung,27.3,moderate rain
Bandung,27.3,moderate rain
Banjarbaru,29.99,scattered clouds
Pontianak,32.99,broken clouds
Bandung,27.3,moderate rain
Bandung,27.3,moderate rain
Banjarbaru,29.99,scattered clouds
Banjarmasin,30.08,overcast clouds
Bandung,27.3,moderate rain
Bandung,27.3,moderate rain
Banjarbaru,29.99,scattered clouds
Bandung,27.3,moderate rain
Bandung,27.3,moderate rain
Banjarbaru,29.99,scattered clouds
Bandung,27.3,moderate rain
Bandung,27.3,moderate rain
Banjarbaru,29.99,scattered clouds
Bandung,26.93,moderate rain
Bandung,26.93,moderate rain
Bandung,27.3,moderate rain
Bandung,27.3,moderate rain
Banjarbaru,29.99,scattered clouds
Banjarmasin,30.08,overcast clouds
Bandung,27.3,moderate rain
Bandung,27.3,moderate rain
Banjarbaru,29.99,scattered clouds
Bandung,27.3,moderate rain
Bandung,27.3,moderate rain
Banjarbaru,29.99,scattered clouds
Bandung,27.3,moderate rain
Bandung,27.3,moderate rain
Banjarbaru,29.99,scattered clouds
Banjarmasin,30.08°C,overcast clouds
Malang,26.99,moderate rain
Banjarmasin,30.08°C,overcast clouds
Malang,26.99,moderate rain
Bandung,27.3,moderate rain
Bandung,27.3,moderate rain
Banjarbaru,29.99,scattered clouds
Banjarmasin,30.08,overcast clouds
Bandung,27.3,moderate rain
Bandung,27.3,moderate rain
Banjarbaru,29.99,scattered clouds
Bandung,27.3,moderate rain
Bandung,27.3,moderate rain
Banjarbaru,29.99,scattered clouds
Bandung,27.3,moderate rain
Bandung,27.3,moderate rain
Banjarbaru,29.99,scattered clouds
Pontianak,32.99,broken clouds
Bandung,27.3,moderate rain
Bandung,27.3,moderate rain
Banjarbaru,29.99,scattered clouds
Banjarmasin,30.08,overcast clouds
Bandung,27.3,moderate rain
Bandung,27.3,moderate rain
Banjarbaru,29.99,scattered clouds
Bandung,27.3,moderate rain
Bandung,27.3,moderate rain
Banjarbaru,29.99,scattered clouds
Bandung,27.3,moderate rain
Bandung,27.3,moderate rain
Banjarbaru,29.99,scattered clouds
Bandung,26.93,moderate rain
Bandung,26.93,moderate rain
Bandung,27.3,moderate rain
Bandung,27.3,moderate rain
Banjarbaru,29.99,scattered clouds
Banjarmasin,30.08,overcast clouds
Bandung,27.3,moderate rain
Bandung,27.3,moderate rain
Banjarbaru,29.99,scattered clouds
Bandung,27.3,moderate rain
Bandung,27.3,moderate rain
Banjarbaru,29.99,scattered clouds
Bandung,27.3,moderate rain
Bandung,27.3,moderate rain
Banjarbaru,29.99,scattered clouds
malang,26.99,moderate rain
Bandung,27.3,moderate rain
Bandung,27.3,moderate rain
Banjarbaru,29.99,scattered clouds
Banjarmasin,30.08,overcast clouds
Bandung,27.3,moderate rain
Bandung,27.3,moderate rain
Banjarbaru,29.99,scattered clouds
Bandung,27.3,moderate rain
Bandung,27.3,moderate rain
Banjarbaru,29.99,scattered clouds
Bandung,27.3,moderate rain
Bandung,27.3,moderate rain
Banjarbaru,29.99,scattered clouds
Pontianak,32.99,broken clouds
Bandung,27.3,moderate rain
Bandung,27.3,moderate rain
Banjarbaru,29.99,scattered clouds
Banjarmasin,30.08,overcast clouds
Bandung,27.3,moderate rain
Bandung,27.3,moderate rain
Banjarbaru,29.99,scattered clouds
Bandung,27.3,moderate rain
Bandung,27.3,moderate rain
Banjarbaru,29.99,scattered clouds
Bandung,27.3,moderate rain
Bandung,27.3,moderate rain
Banjarbaru,29.99,scattered clouds
Bandung,26.93,moderate rain
Bandung,26.93,moderate rain
Bandung,27.3,moderate rain
Bandung,27.3,moderate rain
Banjarbaru,29.99,scattered clouds
Banjarmasin,30.08,overcast clouds
Bandung,27.3,moderate rain
Bandung,27.3,moderate rain
Banjarbaru,29.99,scattered clouds
Bandung,27.3,moderate rain
Bandung,27.3,moderate rain
Banjarbaru,29.99,scattered clouds
Bandung,27.3,moderate rain
Bandung,27.3,moderate rain
Banjarbaru,29.99,scattered clouds
Banjarmasin,30.08°C,overcast clouds
Malang,26.99,moderate rain
Banjarmasin,30.08°C,overcast clouds
Balikpapan,30.55,few clouds
Martapura,30.05,scattered clouds
Banjarbaru,29.99,scattered clouds
Banjarmasin,30.08,overcast clouds
samarinda,26.28,moderate rain
Banjarbaru,29.99,awan tersebar
null,30.08,awan mendung
null,30.08,awan mendung
malang,26.3,hujan sedang
Banjarmasin,30.08,awan mendung
Banjarbaru,29.99,awan tersebar
